epoch,time,train/box_loss,train/cls_loss,train/dfl_loss,metrics/precision(B),metrics/recall(B),metrics/mAP50(B),metrics/mAP50-95(B),val/box_loss,val/cls_loss,val/dfl_loss,lr/pg0,lr/pg1,lr/pg2
1,15.5493,2.53444,3.32857,1.07471,0.20185,0.2996,0.17028,0.05604,2.37433,4.45616,1.01311,0.000367417,0.000367417,0.000367417
2,29.5521,2.35436,2.15255,1.02459,0.61361,0.63757,0.62098,0.19847,2.32453,1.82256,1.00447,0.000730447,0.000730447,0.000730447
